id,first_name,last_name,email,gender,lat,lon
1,Brynne,Gillam,bgillam0@lycos.com,Female,-8.401854,114.118103
2,Tybi,Crosfield,tcrosfield1@elegantthemes.com,Female,30.798775,121.33638
3,Blinni,Mumby,bmumby2@altervista.org,Female,7.18028,122.22028
4,Courtney,Narramore,cnarramore3@businesswire.com,Female,-34.5937209,-58.5035787
5,Laura,Normanvill,lnormanvill4@hao123.com,Female,19.4052965,-99.1504583
6,Talbot,Striker,tstriker5@studiopress.com,Male,40.9515138,-8.5904113
7,Iolande,Gockeler,igockeler6@yale.edu,Female,25.112046,99.161761
8,Murry,Dupre,mdupre7@trellian.com,Male,-17.3697902,-48.9605972
9,Cesar,Gaggen,cgaggen8@discuz.net,Male,49.8753,36.2827926
10,Jocelyne,Kirvin,jkirvin9@canalblog.com,Bigender,-22.9304477,-47.0897445
11,Ellsworth,Plaister,eplaistera@marriott.com,Male,31.927317,35.299468
12,Leigha,Gresham,lgreshamb@a8.net,Female,36.7252955,24.4447587
13,Marisa,Kaesmans,mkaesmansc@chicagotribune.com,Female,29.185721,117.468181
14,Saunderson,Duckham,sduckhamd@xing.com,Male,48.1772789,6.400366
15,Chrotoem,Haydon,chaydone@amazon.de,Male,53.6920618,-6.3025448
16,Celie,Guyers,cguyersf@pinterest.com,Female,58.041296,63.6850141
17,Sandor,Berrisford,sberrisfordg@pagesperso-orange.fr,Male,47.9963155,7.8107621
18,Vern,Masser,vmasserh@mlb.com,Male,11.3882479,10.1972975
19,Zachery,Abramamovh,zabramamovhi@jalbum.net,Male,30.848103,116.360871
20,L;urette,Arnaldo,larnaldoj@etsy.com,Female,-5.2368931,-75.6557206
21,Vonny,Rickwood,vrickwoodk@globo.com,Female,-16.3607933,-71.5438952
22,Mab,Pentelow,mpentelowl@acquirethisname.com,Agender,10.502717,-67.329117
23,Dorry,McBay,dmcbaym@msu.edu,Female,10.9357,122.4932
24,Huberto,Vannuchi,hvannuchin@lycos.com,Male,-12.72924,-76.467087
25,Aldridge,MacMarcuis,amacmarcuiso@rediff.com,Male,25.5461164,-76.7711626
26,Juliana,Dommett,jdommettp@github.io,Non-binary,7.4687521,146.139336
27,Nelly,Tettersell,ntettersellq@dot.gov,Non-binary,48.7974097,32.4076765
28,Lishe,Lawlance,llawlancer@blog.com,Female,59.3235522,18.3860374
29,Niels,Summerlie,nsummerlies@artisteer.com,Male,-6.9888872,106.9535691
30,Hilton,Adenet,hadenett@usda.gov,Male,44.164709,38.9989611
31,Philippa,Hayers,phayersu@wordpress.org,Female,40.9303255,-8.4956553
32,Alonso,Flobert,aflobertv@blinklist.com,Non-binary,41.4493594,44.5488663
33,Kit,Florey,kfloreyw@senate.gov,Male,59.280324,24.8456895
34,Alvis,Trenholm,atrenholmx@google.com,Male,12.4985661,4.6424521
35,Shanda,Hammerberg,shammerbergy@theguardian.com,Female,42.52444,20.28083
36,Tressa,James,tjamesz@tripod.com,Female,26.853097,109.386371
37,Kris,Risen,krisen10@biblegateway.com,Male,61.3377349,16.0344869
38,Stevana,McDaid,smcdaid11@jiathis.com,Female,45.3306087,17.7149287
39,Gayelord,Dunkley,gdunkley12@nps.gov,Male,38.0625172,23.7946578
40,Leigh,Buxsy,lbuxsy13@columbia.edu,Female,6.4387946,100.1947477
41,Corbie,Van Schafflaer,cvanschafflaer14@imgur.com,Male,33.5068235,70.6960868
42,Thaddeus,Mosdill,tmosdill15@europa.eu,Male,40.3972809,-8.2549322
43,Claudelle,Kordovani,ckordovani16@accuweather.com,Female,-10.8064536,-37.1901616
44,Wenonah,Eatttok,weatttok17@bloglines.com,Female,-3.2023658,-45.0373171
45,Danny,Bello,dbello18@businesswire.com,Male,55.6735947,12.5510678
46,Remy,Tuttle,rtuttle19@unblog.fr,Female,49.6574026,19.4151148
47,Elysee,Hartnup,ehartnup1a@nasa.gov,Female,44.1947831,132.518626
48,Kelcy,De Hailes,kdehailes1b@comcast.net,Female,-7.3932918,110.3130087
49,Pernell,Farleigh,pfarleigh1c@meetup.com,Agender,49.8964958,22.2871234
50,Randolf,Vakhonin,rvakhonin1d@desdev.cn,Male,3.9671435,103.40391
51,Crissy,Curr,ccurr1e@vistaprint.com,Female,39.959953,116.298326
52,Rosalynd,Hasney,rhasney1f@irs.gov,Female,36.628305,101.765843
53,Willette,Bosse,wbosse1g@over-blog.com,Female,22.568415,113.890482
54,Brendan,Cowlam,bcowlam1h@dmoz.org,Male,12.3390296,-83.6747342
55,Lorenza,Billion,lbillion1i@hibu.com,Female,48.1735752,91.7678144
56,Emma,Wesson,ewesson1j@webmd.com,Female,49.039076,2.074954
57,Timmy,Baldry,tbaldry1k@wix.com,Male,7.9500846,-75.3594016
58,Morgun,Bittany,mbittany1l@youtu.be,Bigender,25.6067597,110.6740009
59,Murray,Lamba,mlamba1m@google.com.br,Male,52.6960785,21.3639876
60,Ruthy,Cummine,rcummine1n@facebook.com,Female,-13.65232,-41.843571
61,Al,Pond,apond1o@cloudflare.com,Polygender,0.4990124,29.4527538
62,Aili,Noel,anoel1p@ebay.co.uk,Female,55.830186,37.4457899
63,Kellsie,Pauncefort,kpauncefort1q@baidu.com,Female,51.2262018,6.7866433
64,Arther,Striker,astriker1r@merriam-webster.com,Male,51.8010382,29.4967759
65,Clayborn,Bratcher,cbratcher1s@desdev.cn,Genderqueer,-7.6839,107.9651
66,Lucia,Escalante,lescalante1t@google.co.uk,Female,34.810487,117.323725
67,Nollie,Isaacs,nisaacs1u@mediafire.com,Male,51.8315426,38.1394579
68,Johny,Planke,jplanke1v@dyndns.org,Male,15.5653934,120.6147766
69,Tally,Blanchet,tblanchet1w@google.ru,Male,54.93333,23.6
70,Dynah,Missington,dmissington1x@ucsd.edu,Female,30.17,-92.06
71,Dion,Lasslett,dlasslett1y@mlb.com,Female,49.2914367,16.5787482
72,Bernarr,Matthiesen,bmatthiesen1z@redcross.org,Male,48.8693156,2.3501981
73,Amalle,Mc Cahey,amccahey20@gov.uk,Female,44.766541,129.688614
74,Farley,Buyers,fbuyers21@t-online.de,Male,17.736328,43.7669217
75,Wilden,M'Quharge,wmquharge22@rakuten.co.jp,Genderfluid,37.499972,105.196902
76,Belle,Colls,bcolls23@comcast.net,Female,52.5234718,15.4078292
77,Lyndsey,Penberthy,lpenberthy24@imageshack.us,Female,10.4451778,9.2446093
78,Millicent,Hawler,mhawler25@spotify.com,Female,51.4918437,7.5319762
79,Ardella,Tribbeck,atribbeck26@last.fm,Female,56.1389673,13.4016403
80,Rhianna,Kimmerling,rkimmerling27@paginegialle.it,Female,31.7284972,-106.4899163
81,Jacquelynn,Zannuto,jzannuto28@myspace.com,Female,30.2827181,120.1245708
82,Bryn,Girardin,bgirardin29@flickr.com,Female,-7.643739,110.284601
83,Berni,Adamsen,badamsen2a@reverbnation.com,Female,42.3840829,-83.0415078
84,Jedd,Pesek,jpesek2b@cornell.edu,Male,-26.1011687,28.0645967
85,Cassandra,Headon,cheadon2c@live.com,Female,30.8614539,69.8196064
86,Idette,Theodoris,itheodoris2d@unicef.org,Female,55.5376879,42.0791342
87,Franklin,MacRitchie,fmacritchie2e@redcross.org,Male,38.0409665,140.1253371
88,Deeann,Salack,dsalack2f@nasa.gov,Female,38.4415297,23.6824627
89,Harcourt,Birmingham,hbirmingham2g@mysql.com,Male,39.562646,113.369956
90,Gottfried,Tregiddo,gtregiddo2h@parallels.com,Male,-37.8136276,144.9630576
91,Talbot,Bever,tbever2i@blogs.com,Male,7.2576942,9.9744535
92,Bogey,Reek,breek2j@meetup.com,Genderfluid,45.446434,14.3769784
93,Chickie,Caldow,ccaldow2k@psu.edu,Female,24.874132,118.675675
94,Maren,Brummitt,mbrummitt2l@odnoklassniki.ru,Female,40.8385582,24.3031958
95,Koressa,Kempster,kkempster2m@odnoklassniki.ru,Female,32.010214,119.606439
96,Murvyn,Riordan,mriordan2n@oracle.com,Male,53.0641593,38.0521393
97,Susan,Dunridge,sdunridge2o@mit.edu,Non-binary,49.0711781,29.8488529
98,Malvin,Willden,mwillden2p@rambler.ru,Male,14.6640154,102.7939759
99,Goldarina,Newey,gnewey2q@ed.gov,Female,45.8074308,19.6056613
100,Christa,Trower,ctrower2r@deliciousdays.com,Female,48.1096576,5.1345996
101,Brandea,Labdon,blabdon2s@artisteer.com,Female,55.983852,92.8465307
102,Grissel,Costain,gcostain2t@harvard.edu,Female,-6.5912415,105.9053689
103,Darline,Dagwell,ddagwell2u@java.com,Female,-14.1500098,-43.2521507
104,Gerald,Delap,gdelap2v@cbslocal.com,Male,-7.3251,108.0264
105,Jackquelin,Garstang,jgarstang2w@loc.gov,Female,35.7220364,139.9381482
106,Adrian,Fraschini,afraschini2x@themeforest.net,Male,13.3807374,109.1068822
107,Delmore,Carlesi,dcarlesi2y@berkeley.edu,Male,41.3442157,19.547883
108,Joey,Massot,jmassot2z@foxnews.com,Male,-10.0055535,124.458641
109,Halli,Dossettor,hdossettor30@answers.com,Female,31.598328,98.326906
110,Lyndell,Downgate,ldowngate31@mapquest.com,Female,50.2837307,2.7425682
111,Henryetta,Bragge,hbragge32@google.com.br,Female,-11.8163553,-75.4534081
112,Henriette,Bonner,hbonner33@abc.net.au,Female,-6.6038889,107.0527778
113,Ingamar,Gottschalk,igottschalk34@prlog.org,Male,35.2923343,10.7041509
114,Boone,Helliar,bhelliar35@state.tx.us,Male,-20.8890637,-48.6790007
115,Claretta,Durbin,cdurbin36@wsj.com,Female,-8.7080752,115.1808171
116,Brittni,Allaway,ballaway37@hc360.com,Female,36.6826123,126.8483951
117,Gertruda,Charle,gcharle38@dot.gov,Female,13.4833399,106.9801346
118,Gustavus,Kasting,gkasting39@blogs.com,Male,22.170437,111.791539
119,Parsifal,Real,preal3a@cafepress.com,Male,34.326903,108.117456
120,Meghann,Richichi,mrichichi3b@spotify.com,Female,7.8005685,-3.1629063
121,Cynthy,Falls,cfalls3c@bravesites.com,Female,35.9411947,139.3061655
122,Kitty,Skarman,kskarman3d@yahoo.co.jp,Female,13.648096,16.493598
123,Jack,Noddles,jnoddles3e@jigsy.com,Polygender,55.5292,42.2003001
124,Gaultiero,Vereker,gvereker3f@ibm.com,Male,23.632671,113.529424
125,Julieta,Mantha,jmantha3g@businessinsider.com,Female,5.6397155,5.890794
126,Jacenta,Kibbye,jkibbye3h@google.com.br,Female,43.7365869,27.2601131
127,Susanetta,Robertshaw,srobertshaw3i@nps.gov,Agender,48.9855573,17.3898527
128,Lyn,Cars,lcars3j@samsung.com,Male,2.0259109,-75.994964
129,Elvyn,Konertz,ekonertz3k@sitemeter.com,Male,-33.8651294,151.2078882
130,Adolphus,Pedersen,apedersen3l@com.com,Male,46.1679323,14.5945759
131,Darell,Ewens,dewens3m@clickbank.net,Female,58.4816956,8.7569654
132,Jordon,Olivia,jolivia3n@tripadvisor.com,Male,27.4475626,57.5051616
133,Georgianna,Dorrington,gdorrington3o@sourceforge.net,Female,49.3696768,22.4212003
134,Stewart,Ozintsev,sozintsev3p@jiathis.com,Male,-7.524303,109.204103
135,Aimee,Ethelstone,aethelstone3q@instagram.com,Non-binary,10.3307399,123.8822107
136,Finlay,de Aguirre,fdeaguirre3r@kickstarter.com,Male,41.0084382,70.074132
137,Frans,Thurlow,fthurlow3s@furl.net,Male,1.3976339,124.9616867
138,Lyn,Ondra,londra3t@tumblr.com,Male,26.694208,115.939083
139,Carmine,Roussell,croussell3u@yelp.com,Male,55.2259313,36.6083916
140,Carlotta,Ettels,cettels3v@hubpages.com,Female,29.756501,121.507191
141,Weylin,Brash,wbrash3w@privacy.gov.au,Male,66.550073,66.6028111
142,Nan,Itzkovwich,nitzkovwich3x@theguardian.com,Female,10.265875,123.086276
143,Hollis,de Werk,hdewerk3y@fotki.com,Male,38.6784499,139.8352678
144,Martie,Brasier,mbrasier3z@goodreads.com,Female,41.6496858,-7.5999153
145,Fleming,Corbridge,fcorbridge40@bigcartel.com,Male,36.553769,116.751986
146,Lin,Redler,lredler41@sitemeter.com,Female,-8.0412,111.6694
147,Gypsy,Dunne,gdunne42@google.it,Female,23.7247599,108.8076195
148,Issy,Lingfoot,ilingfoot43@google.pl,Female,-9.8975064,-76.9398195
149,Sigismundo,Le Brum,slebrum44@addthis.com,Male,10.6400163,-4.7588042
150,Francesca,Ledbetter,fledbetter45@photobucket.com,Female,6.7809096,4.0337846
151,Arvin,Collinwood,acollinwood46@opera.com,Male,43.1520105,126.4371385
152,Sheena,Moyles,smoyles47@dell.com,Bigender,44.1947831,132.518626
153,Vikky,Alford,valford48@geocities.com,Female,-7.2903571,109.0185719
154,Berti,Fuidge,bfuidge49@acquirethisname.com,Female,45.0575208,20.1945283
155,Ive,McKern,imckern4a@google.co.jp,Male,50.9417027,44.785514
156,Melanie,Cunningham,mcunningham4b@house.gov,Female,24.64995,116.156645
157,Seka,O'Heagertie,soheagertie4c@nsw.gov.au,Polygender,14.2352143,120.9428391
158,Josee,Bendon,jbendon4d@goo.ne.jp,Genderqueer,31.598328,98.326906
159,Rhonda,Kulic,rkulic4e@ibm.com,Female,-17.5516251,-149.5584758
160,Chris,Pennone,cpennone4f@toplist.cz,Male,38.636131,24.1027745
161,Nathanial,Bellini,nbellini4g@sakura.ne.jp,Male,40.324768,97.521763
162,Moises,Mearns,mmearns4h@barnesandnoble.com,Male,50.9603536,14.3596743
163,Gordan,Chidley,gchidley4i@blinklist.com,Male,-8.3081,113.4586
164,Bordie,Widdop,bwiddop4j@taobao.com,Male,54.4915943,60.7871278
165,Ibrahim,Bayles,ibayles4k@nba.com,Male,29.528923,104.990101
166,Clarice,Sullivan,csullivan4l@flickr.com,Bigender,43.6813726,-79.7761974
167,Emlynn,MacMeeking,emacmeeking4m@free.fr,Non-binary,50.7576138,14.5555639
168,Peta,Welbelove,pwelbelove4n@goodreads.com,Female,45.6473994,15.3176752
169,Koralle,Tomaszynski,ktomaszynski4o@furl.net,Female,45.7718709,126.6701902
170,Ange,Benton,abenton4p@cdbaby.com,Male,28.901462,118.511235
171,Chryste,Farquharson,cfarquharson4q@hhs.gov,Female,25.6697865,-80.4660256
172,Pall,Alyokhin,palyokhin4r@techcrunch.com,Non-binary,28.260189,117.069202
173,Melantha,Agass,magass4s@moonfruit.com,Female,-8.4963229,123.3766669
174,Alonzo,Qusklay,aqusklay4t@answers.com,Male,50.0667486,22.5015349
175,Lyn,Poulsen,lpoulsen4u@unesco.org,Male,35.242057,116.087054
176,Earl,McCreary,emccreary4v@ezinearticles.com,Male,45.875212,6.087112
177,Larina,Sharples,lsharples4w@businessweek.com,Female,-7.9207392,112.5870873
178,Corie,Beauman,cbeauman4x@dagondesign.com,Female,46.1282187,30.384612
179,Sasha,Knottley,sknottley4y@github.io,Female,-21.2525138,-48.3256762
180,Atlante,Ozanne,aozanne4z@umn.edu,Female,-10.4318725,105.6735131
181,Concordia,Jarmyn,cjarmyn50@hostgator.com,Female,31.8978496,102.2268924
182,Cirilo,Van Zon,cvanzon51@adobe.com,Male,37.9868856,-1.1371011
183,Lodovico,Penrith,lpenrith52@yellowbook.com,Male,-3.3060598,128.9615888
184,Marissa,Swetmore,mswetmore53@cnn.com,Polygender,46.575883,129.85086
185,Desmund,Overel,doverel54@google.co.uk,Male,22.581293,113.896129
186,Betta,Lowery,blowery55@java.com,Female,-36.5951114,-61.7625424
187,Germaine,Robley,grobley56@mlb.com,Female,-7.7188383,108.024301
188,Nickolai,Ormerod,normerod57@tinypic.com,Male,39.1372748,111.6717568
189,Dolli,Yurshev,dyurshev58@ted.com,Female,51.9922595,17.8705418
190,Findley,Majury,fmajury59@mysql.com,Male,35.490701,112.851831
191,Sophey,Bonsul,sbonsul5a@mail.ru,Female,32.5362744,-116.9353591
192,Seline,Venning,svenning5b@cnn.com,Female,54.1649073,37.5852425
193,Niki,Boichat,nboichat5c@slate.com,Female,43.5661719,43.4895256
194,Cece,O'Cannan,cocannan5d@aboutads.info,Male,56.290878,26.721958
195,Justinian,Currm,jcurrm5e@aboutads.info,Male,30.479255,110.227902
196,Abby,Cridland,acridland5f@imgur.com,Female,28.6517195,-100.5577685
197,Corina,Brizland,cbrizland5g@home.pl,Female,53.5199891,59.8158991
198,Lurette,Dutteridge,ldutteridge5h@vkontakte.ru,Female,12.5200531,124.5372661
199,Dionisio,Brunelli,dbrunelli5i@goo.ne.jp,Polygender,15.1503549,120.8129183
200,Milka,Murfin,mmurfin5j@infoseek.co.jp,Female,46.3187542,38.7465307
201,Johna,Allix,jallix5k@seesaa.net,Female,13.4686603,-15.2589778
202,April,Wandrack,awandrack5l@imageshack.us,Female,48.0323166,25.7230239
203,Salomon,Tanswell,stanswell5m@google.co.uk,Male,-6.9955768,112.2950314
204,Alisa,Dozdill,adozdill5n@columbia.edu,Female,6.3336659,1.5281253
205,Caralie,Tremollet,ctremollet5o@purevolume.com,Female,4.9224556,13.2923232
206,Vilhelmina,Ryburn,vryburn5p@blog.com,Female,-1.0320468,130.5052176
207,Hugues,Smalridge,hsmalridge5q@ifeng.com,Male,-7.150975,110.1402594
208,Stanly,Kerman,skerman5r@php.net,Male,49.189451,-0.804935
209,Codie,Roubottom,croubottom5s@reverbnation.com,Female,49.4378273,1.0974675
210,Gerti,Hast,ghast5t@ed.gov,Female,25.0248314,121.7408654
211,Rurik,Byng,rbyng5u@imdb.com,Male,25.435183,105.186237
212,Reinold,Capeloff,rcapeloff5v@zdnet.com,Male,7.5,124.3
213,Octavia,Hagan,ohagan5w@webnode.com,Female,41.3999288,-8.6637745
214,Gib,Archard,garchard5x@mapquest.com,Male,63.1257009,14.5928298
215,Tatiana,Holsall,tholsall5y@mozilla.com,Female,57.8014247,14.1454855
216,Camey,Grimmer,cgrimmer5z@accuweather.com,Male,56.6032687,15.6253276
217,Persis,Gettens,pgettens60@cbsnews.com,Female,13.1806725,-16.7559004
218,Janaya,Ellgood,jellgood61@independent.co.uk,Female,38.9944979,-8.7339782
219,Timofei,Rillett,trillett62@tiny.cc,Male,36.2013157,117.6712891
220,Brunhilda,Denington,bdenington63@hatena.ne.jp,Female,50.35349,17.8643499
221,Alvie,Leap,aleap64@free.fr,Male,-21.1330059,-41.7407394
222,Koressa,Szymanek,kszymanek65@networksolutions.com,Female,37.75643,114.776185
223,Bettine,Eagleton,beagleton66@bizjournals.com,Female,-23.7661064,-53.3206105
224,Chalmers,Letson,cletson67@tripod.com,Agender,-0.69832,-77.14083
225,Shermy,McWhirter,smcwhirter68@yahoo.co.jp,Male,-8.2867,113.4874
226,Robinetta,Veschi,rveschi69@symantec.com,Female,49.199757,17.4903796
227,Adele,Clashe,aclashe6a@prlog.org,Female,14.5257818,20.9238397
228,Donnajean,Staines,dstaines6b@jugem.jp,Female,54.8986278,61.3521146
229,Norby,Sterte,nsterte6c@admin.ch,Male,37.943121,115.217658
230,Malissa,Constantine,mconstantine6d@stanford.edu,Female,13.2910707,-87.3003706
231,Jennifer,Sollas,jsollas6e@gmpg.org,Female,43.3423246,1.2606792
232,Fidelia,Clulow,fclulow6f@thetimes.co.uk,Female,37.8519345,23.8408158
233,Berkeley,MacFadzean,bmacfadzean6g@seattletimes.com,Male,46.085536,127.403337
234,Mahmoud,Marshalleck,mmarshalleck6h@dion.ne.jp,Male,40.8103206,19.9199137
235,Edwin,Siddens,esiddens6i@auda.org.au,Male,7.0727574,100.4059456
236,Obie,Blofeld,oblofeld6j@ca.gov,Male,53.4513,17.5316201
237,Emelita,Franceschino,efranceschino6k@nyu.edu,Female,-10.9057388,-37.681228
238,Daren,Laurentino,dlaurentino6l@tiny.cc,Male,14.7464846,121.0764017
239,Cointon,Craister,ccraister6m@arizona.edu,Male,41.0647873,-8.5507322
240,Kyla,Lemary,klemary6n@deliciousdays.com,Female,57.7500731,12.9485476
241,Nadya,Franzen,nfranzen6o@cisco.com,Polygender,60.2274447,25.0812732
242,Cookie,Fassmann,cfassmann6p@jimdo.com,Female,42.3930959,18.9115964
243,Elicia,Lerego,elerego6q@deviantart.com,Female,-13.2513786,-43.4112394
244,George,Scruton,gscruton6r@state.gov,Male,-7.2139764,106.8740816
245,Issy,Rachuig,irachuig6s@epa.gov,Genderfluid,-26.58333,-59.8
246,Bobbette,Darracott,bdarracott6t@deviantart.com,Female,35.8746739,10.5718086
247,Howey,Chatfield,hchatfield6u@list-manage.com,Male,32.149961,34.8838788
248,Zena,Flarity,zflarity6v@rakuten.co.jp,Female,41.3373738,72.2186128
249,Rowney,Birdis,rbirdis6w@123-reg.co.uk,Male,41.0828115,-8.0325948
250,Olia,Tunbridge,otunbridge6x@admin.ch,Female,-0.4993281,37.2784835
251,Tobit,Knudsen,tknudsen6y@unesco.org,Male,-21.8239574,-47.2484692
252,Alejandro,Penn,apenn6z@woothemes.com,Bigender,40.67267,122.258961
253,Benedicto,Artingstall,bartingstall70@alibaba.com,Male,15.86056,120.55139
254,Jannel,Perrins,jperrins71@delicious.com,Polygender,-4.6488523,55.4194753
255,Doug,Rizzello,drizzello72@lycos.com,Male,37.953529,114.816881
256,Davin,Mellmer,dmellmer73@hp.com,Male,-6.9379894,107.5740101
257,Jaclin,Bootell,jbootell74@wix.com,Female,10.4051594,123.9245693
258,Neysa,Kerbey,nkerbey75@xinhuanet.com,Female,54.6930453,52.5814127
259,Lucian,Bratt,lbratt76@house.gov,Male,8.5974451,-70.3197015
260,Jerrie,Molan,jmolan77@whitehouse.gov,Non-binary,57.1785332,41.9400627
261,Goldi,McIntosh,gmcintosh78@mac.com,Female,-7.3391892,106.8768415
262,Beverlie,Kort,bkort79@google.de,Female,19.0807684,-71.6986206
263,Lyell,Lacky,llacky7a@narod.ru,Male,29.411309,112.171131
264,Sherman,Chazotte,schazotte7b@tripadvisor.com,Male,40.174881,123.52481
265,Nicolai,Ahmed,nahmed7c@squidoo.com,Male,46.761348,124.23692
266,Drusy,Gates,dgates7d@posterous.com,Female,-6.2900045,106.8672736
267,Kathleen,Neasam,kneasam7e@census.gov,Female,32.830953,110.873513
268,Moritz,O'Dunneen,modunneen7f@abc.net.au,Bigender,31.768319,35.21371
269,Thea,Swadon,tswadon7g@behance.net,Female,25.1629584,69.6226406
270,Calhoun,Dudney,cdudney7h@blogs.com,Male,44.2,118.46667
271,Burt,Ammer,bammer7i@edublogs.org,Male,57.6817979,11.9836846
272,Frasier,Kilgannon,fkilgannon7j@google.fr,Male,19.4871158,-99.286528
273,Stern,Godbald,sgodbald7k@howstuffworks.com,Male,-4.1132769,-38.4639632
274,Halsey,Skuce,hskuce7l@home.pl,Male,3.1035814,101.640078
275,Leeanne,Golton,lgolton7m@nhs.uk,Female,59.6740144,16.7259208
276,Cort,Harrema,charrema7n@elegantthemes.com,Male,48.3705292,-71.2653479
277,Eadith,Feyer,efeyer7o@telegraph.co.uk,Female,49.6574026,19.4151148
278,Lavinie,MacKnockiter,lmacknockiter7p@wsj.com,Female,-7.4892361,-38.9842531
279,Kiele,Matiashvili,kmatiashvili7q@army.mil,Genderfluid,49.4390256,16.6408689
280,Ernestine,Bail,ebail7r@weather.com,Female,40.9905239,21.426297
281,Grange,Humbatch,ghumbatch7s@vkontakte.ru,Male,9.0866702,3.8502617
282,Alessandro,Burley,aburley7t@unblog.fr,Male,28.563927,108.50387
283,Lucias,Berecloth,lberecloth7u@icq.com,Male,13.2409168,123.6050105
284,Elita,Diego,ediego7v@storify.com,Female,28.955847,114.532957
285,Kathryne,Loughrey,kloughrey7w@merriam-webster.com,Female,31.820591,117.227219
286,Lothario,Ducket,lducket7x@naver.com,Male,41.2499754,-7.9522855
287,Yoshiko,Esley,yesley7y@harvard.edu,Female,-17.5516251,-149.5584758
288,Teresita,Younglove,tyounglove7z@merriam-webster.com,Female,-8.1966,111.611
289,Dulcine,Degoe,ddegoe80@fotki.com,Female,50.1191335,14.0734646
290,Nealy,Male,nmale81@squidoo.com,Male,25.19786,99.233929
291,Muffin,Bolgar,mbolgar82@reverbnation.com,Agender,27.3669252,118.8644179
292,Liam,Oswal,loswal83@webmd.com,Male,-29.984393,-52.3760103
293,Law,Breen,lbreen84@msu.edu,Polygender,49.9731106,32.9873888
294,Rasla,Wisniewski,rwisniewski85@pcworld.com,Female,38.8066577,-9.1857991
295,Arther,Fancett,afancett86@vistaprint.com,Genderfluid,49.0149775,31.0539028
296,Darryl,Claiton,dclaiton87@nature.com,Male,55.874736,26.536179
297,Ricky,Titlow,rtitlow88@boston.com,Female,51.857861,16.8415115
298,Stefan,Endle,sendle89@indiegogo.com,Male,47.35802,1.75144
299,Tilda,Herrero,therrero8a@sbwire.com,Female,-6.9841118,111.7048262
300,Brewer,Silveston,bsilveston8b@prweb.com,Male,-7.4720926,108.6324073
301,Karl,Flook,kflook8c@privacy.gov.au,Male,50.216501,21.6671416
302,Denver,Kharchinski,dkharchinski8d@freewebs.com,Male,5.6497493,37.3693679
303,Winn,Ritchie,writchie8e@china.com.cn,Male,8.2758676,-70.7659102
304,Fidel,D'orsay,fdorsay8f@weibo.com,Male,-8.6738819,115.2096864
305,Lynne,Fanner,lfanner8g@mail.ru,Genderqueer,14.6707644,-91.1968495
306,Bendicty,Gehringer,bgehringer8h@google.com,Polygender,38.751115,-9.4574506
307,Johnath,Aberhart,jaberhart8i@nasa.gov,Female,14.9806953,120.5779616
308,Travus,Lelliott,tlelliott8j@chronoengine.com,Male,18.504589,108.79313
309,Patricia,Whiteman,pwhiteman8k@unblog.fr,Genderqueer,-3.6130091,102.6675575
310,Neddy,Bloxland,nbloxland8l@gov.uk,Non-binary,48.0931021,25.9224603
311,Tamma,Duffree,tduffree8m@harvard.edu,Female,39.478747,117.025537
312,Cybill,Bowbrick,cbowbrick8n@redcross.org,Female,38.2238615,23.9232894
313,Krishnah,Letherbury,kletherbury8o@sogou.com,Male,-1.259553,104.100502
314,Ardelia,Admans,aadmans8p@businesswire.com,Female,44.61685,-65.76555
315,Verene,Cominotti,vcominotti8q@quantcast.com,Female,48.4811908,31.5431206
316,Viv,Bernocchi,vbernocchi8r@foxnews.com,Female,49.83347,19.93965
317,Mohandas,Rogerson,mrogerson8s@blogs.com,Male,34.0319016,131.0103712
318,Melba,Kyme,mkyme8t@oakley.com,Bigender,-9.1930089,-38.2110938
319,Nadya,Gentric,ngentric8u@columbia.edu,Female,39.2274333,-9.1706522
320,Anni,Hathorn,ahathorn8v@netscape.com,Female,-1.5697615,110.5215459
321,Ric,Glidden,rglidden8w@sciencedirect.com,Male,59.2643041,18.0399695
322,Rosalinda,Dunseath,rdunseath8x@sbwire.com,Female,-6.3417512,-37.7465518
323,Gabbie,Vicker,gvicker8y@pinterest.com,Male,-36.9120178,174.8007417
324,Willy,Airdrie,wairdrie8z@sun.com,Male,55.5945618,26.4507193
325,Cornelius,Grebert,cgrebert90@jimdo.com,Male,52.145887,25.5329454
326,Stephani,Fuzzens,sfuzzens91@fc2.com,Female,25.377098,49.72433
327,Berk,Jaimez,bjaimez92@ameblo.jp,Male,-22.748659,-46.1352278
328,Kev,Vondracek,kvondracek93@usda.gov,Male,35.0486587,33.6958809
329,Guntar,Isacoff,gisacoff94@t.co,Agender,49.8445266,18.0838678
330,Doro,Toplis,dtoplis95@jugem.jp,Female,48.8693156,2.3501981
331,Max,Hogbourne,mhogbourne96@si.edu,Male,27.815743,114.416785
332,Cassie,Belderfield,cbelderfield97@wikia.com,Female,40.231962,116.857837
333,Pavla,Tubbs,ptubbs98@typepad.com,Bigender,49.0285391,2.3236877
334,Julia,Couthard,jcouthard99@indiegogo.com,Female,26.885704,120.005147
335,Aida,Ruslen,aruslen9a@redcross.org,Female,49.4648362,2.8898334
336,Gwynne,Winspire,gwinspire9b@hostgator.com,Female,30.606033,118.297302
337,Wilie,Masser,wmasser9c@stanford.edu,Female,27.478357,120.088953
338,Cinda,Harding,charding9d@hatena.ne.jp,Female,11.5951195,109.0364038
339,Kinsley,Caen,kcaen9e@samsung.com,Male,46.5620633,30.8631957
340,Adrian,Osgood,aosgood9f@theatlantic.com,Male,50.7326515,41.9594576
341,Hy,Osment,hosment9g@toplist.cz,Male,57.3960898,50.0164274
342,Emmit,Cicerone,ecicerone9h@squidoo.com,Male,-16.0252339,35.5083136
343,Clarissa,Capun,ccapun9i@dagondesign.com,Female,51.9377873,30.7892014
344,Paloma,Ball,pball9j@toplist.cz,Genderfluid,49.7762204,22.6525426
345,Diarmid,Durnford,ddurnford9k@engadget.com,Male,26.405715,106.256412
346,Elia,Glynne,eglynne9l@yellowbook.com,Bigender,38.8140462,-9.119897
347,Mitchel,Mattschas,mmattschas9m@patch.com,Male,39.480497,117.345479
348,Aime,Blasiak,ablasiak9n@sciencedirect.com,Female,58.0362353,14.976908
349,Gwenora,McCory,gmccory9o@cnbc.com,Female,-2.7129174,102.8917556
350,Marcellus,Eisikowitz,meisikowitz9p@adobe.com,Male,32.391736,119.435046
351,Jaclyn,Blinco,jblinco9q@shop-pro.jp,Female,33.6716082,61.9813913
352,Corie,Birt,cbirt9r@trellian.com,Female,-11.5459875,43.3885797
353,Mira,Rhule,mrhule9s@myspace.com,Female,55.9870823,86.1430172
354,Trumann,Shalloe,tshalloe9t@army.mil,Male,-6.906714,-78.25705
355,Hermann,Petche,hpetche9u@illinois.edu,Male,-7.0487503,108.5314753
356,Raoul,Lovelock,rlovelock9v@usatoday.com,Male,-3.2244045,-39.7755571
357,Granger,Van Hault,gvanhault9w@youku.com,Male,11.1652432,-1.1400998
358,Evvy,Nyssens,enyssens9x@businessinsider.com,Female,-8.2429651,112.1340793
359,Giff,Ivchenko,givchenko9y@exblog.jp,Bigender,53.3624134,55.9381136
360,Chloe,Obington,cobington9z@craigslist.org,Female,46.1327339,38.9644692
361,Amalita,Sivyer,asivyera0@sun.com,Female,-24.1955744,-65.2844271
362,Sabrina,Hoxey,shoxeya1@disqus.com,Female,-5.1443118,-38.0850339
363,Curry,Frigout,cfrigouta2@g.co,Bigender,13.7866222,120.9767873
364,Janot,Nassau,jnassaua3@deliciousdays.com,Female,-6.3079232,107.172085
365,Frants,Garfield,fgarfielda4@technorati.com,Male,34.5553494,69.207486
366,Lawry,De Laci,ldelacia5@state.gov,Male,35.8889548,139.2562665
367,Ugo,Risbridger,urisbridgera6@guardian.co.uk,Male,43.0865623,45.7442387
368,Malchy,Meier,mmeiera7@ucoz.com,Male,-3.32192,114.598171
369,Pearle,Freak,pfreaka8@fotki.com,Female,-6.2916321,106.9593926
370,Cletis,Moores,cmooresa9@com.com,Male,12.4579462,107.8169229
371,Porty,Sibson,psibsonaa@hhs.gov,Male,-22.9841765,-43.2209394
372,Aldous,Karys,akarysab@go.com,Male,-9.916667,-75.783333
373,Fancie,Kennington,fkenningtonac@canalblog.com,Female,8.9875064,-79.5238103
374,Moises,Morcom,mmorcomad@free.fr,Bigender,47.4098736,32.4412263
375,Alvy,Elmer,aelmerae@odnoklassniki.ru,Male,48.5271841,7.7424053
376,Harriet,Phinnessy,hphinnessyaf@howstuffworks.com,Female,35.464211,106.031623
377,Aldon,Yearnsley,ayearnsleyag@hostgator.com,Male,58.4078726,51.1841486
378,Obed,Youhill,oyouhillah@upenn.edu,Male,-12.6117479,-76.6701475
379,Dominick,Leppard,dleppardai@seesaa.net,Male,50.1383356,14.6705894
380,Hynda,Haldon,hhaldonaj@last.fm,Female,27.569678,116.63704
381,Darill,Sivewright,dsivewrightak@1und1.de,Male,48.63333,106.73333
382,Michaella,Steinor,msteinoral@paypal.com,Female,37.464539,121.447852
383,Joyan,Commings,jcommingsam@google.ca,Female,56.7402899,24.7181651
384,Truman,Tassell,ttassellan@nytimes.com,Male,49.6546211,17.1296944
385,Clementia,Copozio,ccopozioao@hp.com,Female,43.1697579,45.3686414
386,Anette,Simeoni,asimeoniap@walmart.com,Female,49.1073208,7.0685103
387,Bradly,Westerman,bwestermanaq@nih.gov,Male,40.6,-75.47
388,Wilmar,Davenell,wdavenellar@weibo.com,Male,-3.9138056,116.304279
389,Eleen,Seldner,eseldneras@mac.com,Female,-17.5332448,-149.5123964
390,Donnie,Ream,dreamat@people.com.cn,Male,40.7295095,19.7859556
391,Herve,Bertomier,hbertomierau@desdev.cn,Male,47.9318074,5.2893597
392,Fionna,Nottle,fnottleav@go.com,Female,39.9250988,116.3968433
393,Darbee,Taggart,dtaggartaw@qq.com,Male,13.9293954,121.3228399
394,Emmalyn,Baudinelli,ebaudinelliax@51.la,Female,33.45,-111.97
395,Holden,Ardley,hardleyay@walmart.com,Male,26.1853781,127.6825578
396,Loralyn,Rate,lrateaz@naver.com,Female,48.892701,2.233089
397,Forrester,Penswick,fpenswickb0@booking.com,Genderfluid,43.9704382,12.4867883
398,Mano,Brychan,mbrychanb1@dyndns.org,Male,36.3006568,137.9047429
399,Levon,Molan,lmolanb2@prweb.com,Non-binary,41.3734134,-8.3802825
400,Falito,Figgen,ffiggenb3@t.co,Male,-0.421633,116.980756
401,Ingemar,Mattschas,imattschasb4@google.co.jp,Genderfluid,-9.306314,-74.4328
402,Riley,Sweatland,rsweatlandb5@ucoz.com,Male,2.9329721,101.6259842
403,Charity,Robic,crobicb6@google.ru,Female,52.664639,35.8136035
404,Sigismund,Bareford,sbarefordb7@zimbio.com,Male,-7.4703872,110.9387418
405,Lane,Wethers,lwethersb8@yandex.ru,Male,52.71892,19.1095093
406,Pru,Summerscales,psummerscalesb9@nasa.gov,Female,19.9849089,104.631897
407,Dav,Christoforou,dchristoforouba@elegantthemes.com,Male,55.7558426,52.061524
408,Melinda,Simmonett,msimmonettbb@loc.gov,Female,51.1852442,19.1911952
409,Abraham,Messingham,amessinghambc@xinhuanet.com,Male,17.4458367,121.5250628
410,Bail,Lux,bluxbd@de.vu,Male,39.85667,116.460756
411,Orran,Halwill,ohalwillbe@t.co,Male,38.0953349,139.419061
412,Bendicty,Chesnut,bchesnutbf@studiopress.com,Male,30.27,-97.74
413,Norbie,Bartosinski,nbartosinskibg@freewebs.com,Male,39.7376099,45.3925813
414,Timothy,Salvadori,tsalvadoribh@engadget.com,Male,48.6463593,1.8015218
415,Blayne,Nurdin,bnurdinbi@blogs.com,Male,29.2188245,80.4993857
416,Nikola,Brotherhed,nbrotherhedbj@icq.com,Male,-6.82482,107.0997164
417,Arni,Nickell,anickellbk@vkontakte.ru,Male,-6.813931,108.1784455
418,Yance,Petters,ypettersbl@feedburner.com,Male,-38.7359018,-72.5903739
419,Phillie,Husset,phussetbm@artisteer.com,Female,55.9070639,52.2871629
420,Marj,Bleasdale,mbleasdalebn@fda.gov,Female,54.000556,59.106389
421,Saul,Suttle,ssuttlebo@google.com,Male,30.292001,71.6657348
422,Cybil,Wisdish,cwisdishbp@google.ru,Female,52.913784,-0.445788
423,Aleta,Probet,aprobetbq@angelfire.com,Female,19.782027,-99.0598732
424,Opalina,Nezey,onezeybr@wix.com,Female,-33.6167,-70.5667
425,Harmon,Blessed,hblessedbs@vistaprint.com,Male,62.3565057,50.0762432
426,Emmott,Marages,emaragesbt@free.fr,Male,25.881342,116.00261
427,Tiffi,Skacel,tskacelbu@ameblo.jp,Female,-34.6698749,-58.5616502
428,Ferdinand,Petroulis,fpetroulisbv@nasa.gov,Male,-23.0582715,-47.0286422
429,Melinda,Clarycott,mclarycottbw@indiegogo.com,Female,49.660465,32.3448813
430,Ilyse,Paskins,ipaskinsbx@washington.edu,Female,50.05797,22.183619
431,Margi,Fonte,mfonteby@walmart.com,Female,-34.6066162,-58.4052178
432,Corbin,Krikorian,ckrikorianbz@paypal.com,Male,-8.0397618,111.9000827
433,Tyson,Peers,tpeersc0@mtv.com,Genderqueer,39.8494377,-86.2666463
434,Dare,Gerrad,dgerradc1@behance.net,Male,-12.0950161,-77.0266968
435,Isidore,Calway,icalwayc2@ucoz.com,Male,49.8408677,35.3145782
436,Giulietta,Willsmore,gwillsmorec3@dagondesign.com,Female,6.3702928,2.3912362
437,Sibyl,Pittendreigh,spittendreighc4@chronoengine.com,Male,-8.1061859,112.6407229
438,Orel,Tortis,otortisc5@spiegel.de,Female,9.4669337,-5.6142558
439,North,Hakes,nhakesc6@kickstarter.com,Male,15.7700153,121.5561657
440,Dyann,Schuchmacher,dschuchmacherc7@goo.ne.jp,Female,14.4712676,121.0441201
441,Darnell,Lille,dlillec8@cornell.edu,Genderqueer,31.9617032,119.5738403
442,Laughton,Abys,labysc9@slashdot.org,Male,10.098232,-84.405668
443,Lucretia,Rewcassell,lrewcassellca@lulu.com,Female,36.1398393,128.1135947
444,Sissy,Aireton,sairetoncb@bizjournals.com,Female,35.2316863,60.6401218
445,Andie,Longfellow,alongfellowcc@adobe.com,Agender,45.020739,14.6315962
446,Ewen,Dolden,edoldencd@networkadvertising.org,Male,34.8190348,36.1192307
447,Lancelot,Kilsby,lkilsbyce@list-manage.com,Polygender,13.631,123.193
448,Shanda,Dyhouse,sdyhousecf@ycombinator.com,Female,10.8733058,0.2010233
449,Sydelle,Marwick,smarwickcg@oracle.com,Female,59.3779388,10.7605604
450,Vinnie,Jorcke,vjorckech@networksolutions.com,Male,39.7083252,20.7237136
451,Elias,Brittian,ebrittianci@techcrunch.com,Agender,49.7917105,18.3442739
452,Willy,Scollick,wscollickcj@google.ca,Male,10.7703265,122.9829759
453,Ragnar,Foort,rfoortck@yandex.ru,Agender,42.7723725,23.3143163
454,Erin,Tull,etullcl@slate.com,Bigender,29.2083348,72.8578648
455,Shelly,Berks,sberkscm@jalbum.net,Female,16.3112941,104.8221147
456,Griffith,Habishaw,ghabishawcn@simplemachines.org,Male,54.7318321,28.0605963
457,Morrie,Purselow,mpurselowco@acquirethisname.com,Male,45.72727,112.35563
458,Alessandra,Drayn,adrayncp@amazon.de,Female,7.20312,124.796217
459,Janaya,Hullin,jhullincq@newyorker.com,Female,32.5958283,-6.2694608
460,Lacie,Kitcatt,lkitcattcr@theguardian.com,Female,31.463475,120.649341
461,Creight,Willers,cwillerscs@sogou.com,Male,-6.9045677,109.1107114
462,Gabrila,Gussin,ggussinct@chronoengine.com,Female,63.7435338,53.7021347
463,Denney,Cereceres,dcerecerescu@g.co,Male,-8.0580651,-79.0552494
464,Roxana,Thunnerclef,rthunnerclefcv@gravatar.com,Female,51.777114,16.818952
465,Beauregard,Mulderrig,bmulderrigcw@mysql.com,Male,-7.766758,110.289646
466,Stefano,Edmund,sedmundcx@constantcontact.com,Male,6.8050227,1.7879685
467,Claretta,Karlmann,ckarlmanncy@networksolutions.com,Polygender,28.65664,108.504872
468,Eugen,Yarn,eyarncz@quantcast.com,Male,61.6614104,40.2019954
469,Ransell,Askaw,raskawd0@goo.gl,Male,24.168957,102.405819
470,Barbey,Grunnill,bgrunnilld1@flickr.com,Agender,47.573689,34.8688115
471,Ema,Armstrong,earmstrongd2@whitehouse.gov,Female,23.119924,113.309317
472,Bailie,Elizabeth,belizabethd3@bizjournals.com,Male,57.104403,39.175735
473,Guillema,Corbridge,gcorbridged4@cnbc.com,Female,7.7014054,125.9931065
474,Jaclyn,McQuirter,jmcquirterd5@miitbeian.gov.cn,Female,22.266473,111.11122
475,Ruddie,Murfill,rmurfilld6@google.pl,Male,48.0778483,39.7955373
476,Danika,Work,dworkd7@paginegialle.it,Female,51.8964003,18.9565781
477,Gaelan,Cromwell,gcromwelld8@apple.com,Male,-38.977251,-67.826868
478,Arlen,Gerleit,agerleitd9@artisteer.com,Male,29.584292,111.380014
479,Maible,Woolland,mwoollandda@uol.com.br,Female,25.566959,119.381211
480,Sibley,Munkley,smunkleydb@scribd.com,Female,31.3219,121.01853
481,Barnabe,Painten,bpaintendc@over-blog.com,Male,49.8413005,19.7366045
482,Costa,Brauninger,cbrauningerdd@liveinternet.ru,Male,-7.4250762,108.2822389
483,Darell,Blemings,dblemingsde@flavors.me,Female,0.9681789,-79.6517202
484,Hasheem,Questier,hquestierdf@cbc.ca,Male,37.911134,106.820455
485,Gracia,Service,gservicedg@barnesandnoble.com,Agender,52.4003253,22.6585778
486,Hestia,Kittel,hkitteldh@cnet.com,Female,45.5599168,-73.2004857
487,Marin,Bleakley,mbleakleydi@free.fr,Female,49.4904742,11.0986834
488,Ravid,Windrus,rwindrusdj@1688.com,Male,-5.6042815,105.1142011
489,Diannne,Vairow,dvairowdk@freewebs.com,Female,-6.8102224,107.4652476
490,Jamaal,Beagley,jbeagleydl@about.com,Male,-13.9792358,-71.4165779
491,Fran,Hawker,fhawkerdm@engadget.com,Male,38.5619186,25.5799503
492,Riva,Happer,rhapperdn@buzzfeed.com,Female,34.0046888,36.2110399
493,Marielle,Etock,metockdo@bing.com,Female,-7.2527403,107.8774664
494,Neville,Monson,nmonsondp@techcrunch.com,Male,4.4308445,8.941094
495,Perry,Florey,pfloreydq@dagondesign.com,Male,23.296786,113.823135
496,Marie,Kennewell,mkennewelldr@businessweek.com,Female,39.9483942,-8.143466
497,Lilli,Lewsam,llewsamds@wikimedia.org,Female,34.9815148,-3.1528692
498,Nicol,Paddon,npaddondt@quantcast.com,Male,46.987383,123.769368
499,Ricoriki,Andriesse,randriessedu@chronoengine.com,Male,13.5955617,102.9665821
500,Kathrine,Heading,kheadingdv@rediff.com,Female,-8.1141,111.7762
501,Paco,Farquhar,pfarquhardw@reddit.com,Male,33.6160293,-111.8926303
502,Ginny,Geertsen,ggeertsendx@canalblog.com,Female,-6.8008183,107.1781769
503,Clay,Sulland,csullanddy@lycos.com,Male,4.4210661,-76.1899661
504,Anne,Speere,aspeeredz@geocities.com,Female,25.558201,103.256615
505,Freeman,Blaydon,fblaydone0@bing.com,Genderfluid,50.78342,-112.46854
506,Bryon,Testin,btestine1@amazon.de,Male,59.4746074,18.2397247
507,Pierrette,Daveran,pdaverane2@uol.com.br,Female,-26.8634263,-58.2918546
508,Nixie,Stangoe,nstangoee3@cyberchimps.com,Female,9.0968475,118.0843002
509,Carlie,Jorio,cjorioe4@163.com,Male,-23.3058194,-47.1367011
510,Aleksandr,Gagie,agagiee5@multiply.com,Male,42.5572675,20.3027502
511,Hulda,Scougal,hscougale6@over-blog.com,Female,53.3062953,36.0446294
512,Randee,Million,rmillione7@tuttocitta.it,Female,55.3293156,42.0426795
513,Cornall,Endacott,cendacotte8@google.pl,Male,25.5810414,89.6616352
514,Kira,Piatkowski,kpiatkowskie9@walmart.com,Female,-7.2119433,108.1591732
515,Mohandis,Batiste,mbatisteea@xing.com,Male,14.651459,121.0380826
516,Dolly,Clohisey,dclohiseyeb@pinterest.com,Female,39.918983,116.47861
517,Alicia,Sands-Allan,asandsallanec@etsy.com,Female,-6.9569,106.428
518,Jaime,Rosindill,jrosindilled@home.pl,Polygender,18.4927064,-69.9621383
519,Marty,Digger,mdiggeree@phoca.cz,Female,23.561556,101.273161
520,Tasha,Heinssen,theinssenef@51.la,Female,46.3194856,-0.4546217
521,L;urette,Cavozzi,lcavozzieg@gnu.org,Female,-38.7589114,-62.2749967
522,Dedie,Moyer,dmoyereh@meetup.com,Female,-0.7134403,37.0373502
523,Margaret,Cupitt,mcupittei@techcrunch.com,Female,57.195623,39.4131527
524,Rudd,Morales,rmoralesej@prnewswire.com,Male,53.016924,70.0973718
525,Gaylor,Pudner,gpudnerek@sphinn.com,Male,36.9832371,140.0373221
526,Bertie,Paddle,bpaddleel@opera.com,Male,7.55,3.43333
527,Lorne,Cuniffe,lcuniffeem@google.com,Male,57.9423223,12.5710873
528,Drona,Gaspero,dgasperoen@mac.com,Female,2.9374756,101.7048008
529,Andrey,Bausor,abausoreo@hugedomains.com,Male,-9.7936959,29.0809012
530,Aime,Hadaway,ahadawayep@google.pl,Female,50.5609123,18.943124
531,Leoine,Theseira,ltheseiraeq@mashable.com,Female,55.8697739,48.5236711
532,Legra,Tumility,ltumilityer@yale.edu,Female,-6.9852949,112.5766579
533,Isak,Graine,igrainees@instagram.com,Male,11.9050612,-86.0962783
534,Michail,Manvelle,mmanvelleet@google.cn,Agender,40.8395426,-73.7023905
535,Beverley,Jouhandeau,bjouhandeaueu@huffingtonpost.com,Female,50.2350707,38.0596975
536,Ansell,Seager,aseagerev@yolasite.com,Male,-22.548794,-45.7750681
537,Yehudi,Kirwood,ykirwoodew@netvibes.com,Male,57.227222,29.161111
538,Bealle,Minucci,bminucciex@who.int,Male,8.539947,99.940316
539,Katine,Schutze,kschutzeey@apache.org,Female,-8.1883096,113.6472457
540,Chas,Arson,carsonez@i2i.jp,Male,54.9272788,41.1402811
541,Filippa,Goodhand,fgoodhandf0@mysql.com,Female,-15.4806094,-44.3642956
542,Curtis,Pitkins,cpitkinsf1@dedecms.com,Male,48.0134881,37.7314838
543,Jacquetta,Landre,jlandref2@tinyurl.com,Female,-28.6903818,26.4577466
544,Arlene,Kirsopp,akirsoppf3@blogspot.com,Polygender,52.6244001,20.3835279
545,Vernen,Flight,vflightf4@wsj.com,Male,35.819227,108.019549
546,Doyle,Mixture,dmixturef5@mapy.cz,Male,-6.5488924,-79.8646835
547,Crystie,Scraney,cscraneyf6@nhs.uk,Female,-7.0655878,113.7037797
548,Vale,Allitt,vallittf7@istockphoto.com,Bigender,20.8965838,-105.4093552
549,Liam,Oldacres,loldacresf8@intel.com,Male,28.445307,113.521804
550,Skelly,Elcoate,selcoatef9@dagondesign.com,Male,-25.2952784,-54.0932225
551,Chrissie,Ffrench,cffrenchfa@dot.gov,Male,2.9479721,-68.0477509
552,Adair,Budd,abuddfb@answers.com,Polygender,42.8983715,71.3979891
553,Emmalee,Kibbe,ekibbefc@stanford.edu,Female,-8.8341,120.9593
554,Marleah,Rigler,mriglerfd@telegraph.co.uk,Female,38.05106,114.463347
555,Pierce,Mitrikhin,pmitrikhinfe@g.co,Male,33.1176647,46.1732912
556,Darrel,Tolomelli,dtolomelliff@vimeo.com,Male,-17.9164482,15.0937378
557,Lorine,Stinchcombe,lstinchcombefg@arstechnica.com,Female,-1.7505747,116.0886704
558,Abran,Marzelli,amarzellifh@sphinn.com,Male,44.2837305,17.0877754
559,Maurie,Guild,mguildfi@w3.org,Male,30.033679,119.971302
560,Caro,Dumini,cduminifj@home.pl,Female,50.994689,-0.964804
561,Gallagher,Eustace,geustacefk@buzzfeed.com,Genderfluid,-19.123139,-64.3223726
562,Kacy,Olenchenko,kolenchenkofl@xing.com,Female,45.020739,14.6315962
563,Sammy,Lude,sludefm@dell.com,Non-binary,37.515114,103.575676
564,Papageno,Syalvester,psyalvesterfn@fotki.com,Genderfluid,-3.6809961,33.4271403
565,Claiborn,Setch,csetchfo@mail.ru,Male,46.64968,38.39782
566,Luise,Britt,lbrittfp@gov.uk,Female,23.354192,112.908203
567,Percival,Ferentz,pferentzfq@unicef.org,Male,30.792629,31.62348
568,Teri,Padgham,tpadghamfr@mtv.com,Female,22.801624,113.525165
569,Randee,Richemont,rrichemontfs@blog.com,Bigender,18.9436472,-69.7912411
570,Raven,Sage,rsageft@stumbleupon.com,Female,-7.428179,108.7437098
571,Liva,Commucci,lcommuccifu@sbwire.com,Agender,66.2745295,33.0615453
572,Arnuad,Kirkness,akirknessfv@facebook.com,Male,59.3412977,18.0347134
573,Gayle,Grennan,ggrennanfw@odnoklassniki.ru,Genderqueer,40.5317434,44.7159759
574,Arlen,Bray,abrayfx@linkedin.com,Male,49.7133875,18.4511722
575,Jory,Demange,jdemangefy@ning.com,Male,51.9377873,30.7892014
576,Zachery,Kelwaybamber,zkelwaybamberfz@elegantthemes.com,Male,-15.576624,-72.1293262
577,Marcus,Kleinberer,mkleinbererg0@paginegialle.it,Male,14.6484972,121.0782757
578,Karl,Shakeshaft,kshakeshaftg1@studiopress.com,Male,-23.2987827,-45.9662542
579,Lavina,Michele,lmicheleg2@behance.net,Female,-25.416667,25.55
580,Gasparo,Lavallin,glavalling3@nymag.com,Male,41.837693,123.981229
581,Morey,Garret,mgarretg4@spotify.com,Bigender,15.847683,120.9187827
582,Raphaela,Pauleit,rpauleitg5@google.de,Female,32.265208,91.677053
583,Mercedes,Christian,mchristiang6@pbs.org,Female,14.641214,108.0005933
584,Odella,Savidge,osavidgeg7@storify.com,Female,-14.8000877,36.5337731
585,Mireielle,Sherlock,msherlockg8@reference.com,Female,-25.4426635,-49.0628847
586,Puff,Boyn,pboyng9@baidu.com,Male,48.8168007,2.6402346
587,Gualterio,Davall,gdavallga@mayoclinic.com,Male,53.7925065,-113.6463436
588,Rosemarie,Cranch,rcranchgb@lycos.com,Female,49.5177049,21.1767387
589,Sterling,Olek,solekgc@lulu.com,Male,-6.1583904,106.4288088
590,Colene,Bernardino,cbernardinogd@whitehouse.gov,Polygender,5.9840985,116.0761121
591,Margette,Lomasny,mlomasnyge@usa.gov,Bigender,-8.0751481,-37.269356
592,Hoyt,Empringham,hempringhamgf@mail.ru,Male,14.2054868,-86.6069287
593,Jacquenetta,Sackler,jsacklergg@si.edu,Female,-2.4204637,-79.3437394
594,Vivien,Silby,vsilbygh@oracle.com,Female,13.7399629,108.0954351
595,Emlyn,MacVean,emacveangi@blogger.com,Male,31.1713871,31.6967438
596,Anatol,Gaine,againegj@nationalgeographic.com,Male,31.1655344,121.6793537
597,Alberto,Richly,arichlygk@paypal.com,Male,39.8265279,46.7655746
598,Cobby,Seage,cseagegl@bluehost.com,Male,39.2682845,-9.312494
599,Gerrie,Craine,gcrainegm@wikimedia.org,Genderqueer,35.9547959,139.679652
600,Hollis,Pepys,hpepysgn@blogs.com,Male,21.0598649,105.4943648
601,Carma,Bastiman,cbastimango@mapquest.com,Female,-14.116667,-73.616667
602,Ely,Corzon,ecorzongp@squidoo.com,Male,51.1357164,22.9973319
603,Melany,Greatham,mgreathamgq@pen.io,Female,37.175532,121.790282
604,Andreas,Elfes,aelfesgr@live.com,Male,4.5604389,-74.115187
605,Hernando,Coveney,hcoveneygs@timesonline.co.uk,Male,31.95388,35.2998
606,Jilleen,Halls,jhallsgt@aboutads.info,Female,24.44218,114.938684
607,Curtis,Coxhell,ccoxhellgu@abc.net.au,Male,6.950203,80.638098
608,Kelcy,Cuer,kcuergv@dyndns.org,Female,-9.9831,124.1849
609,Arlyn,Headingham,aheadinghamgw@friendfeed.com,Female,28.0093247,120.6569721
610,Idalia,Willment,iwillmentgx@prweb.com,Genderqueer,34.8218609,134.9545157
611,Ailbert,Keyden,akeydengy@edublogs.org,Male,40.7,-111.94
612,Gilbertina,Kunzler,gkunzlergz@bloglovin.com,Genderfluid,44.829819,34.915084
613,Nelson,Emeney,nemeneyh0@goodreads.com,Male,-3.7924795,-39.2698136
614,Wilbur,Kubecka,wkubeckah1@mit.edu,Male,48.560407,38.6487184
615,Percy,Millott,pmillotth2@reference.com,Male,35.90556,14.47611
616,Christie,Udall,cudallh3@4shared.com,Male,59.0762558,10.0561255
617,Morse,Walshaw,mwalshawh4@deviantart.com,Male,-7.6594377,108.6086561
618,Catharine,Brian,cbrianh5@dropbox.com,Female,47.376817,8.538367
619,Faydra,Dahlen,fdahlenh6@parallels.com,Female,30.536294,114.648658
620,Rodi,Grenville,rgrenvilleh7@hostgator.com,Agender,-7.9110809,111.4253892
621,Mikey,Frigout,mfrigouth8@hhs.gov,Male,-6.2424962,106.11399
622,Joachim,Worrall,jworrallh9@comsenz.com,Bigender,35.4018071,69.1447081
623,Dorotea,Pont,dpontha@bbb.org,Female,28.80901,120.26121
624,Daphne,MacLleese,dmaclleesehb@vk.com,Female,47.520508,87.750232
625,Chantal,Betjeman,cbetjemanhc@imdb.com,Female,27.569678,116.63704
626,Guntar,Baudry,gbaudryhd@jalbum.net,Agender,-2.9014475,-40.8388865
627,Ceil,Apple,capplehe@privacy.gov.au,Female,18.2505167,103.4910621
628,Jobie,Meace,jmeacehf@un.org,Polygender,45.21678,-72.51581
629,Rawley,Swiffen,rswiffenhg@ifeng.com,Male,42.4681713,-83.1589716
630,Abby,Matyatin,amatyatinhh@clickbank.net,Female,27.7537155,68.4470397
631,Denver,Manuele,dmanuelehi@engadget.com,Male,5.4827405,-73.4062342
632,Tammy,Fashion,tfashionhj@boston.com,Male,-6.0924606,105.9112424
633,Annamarie,MacArthur,amacarthurhk@blogs.com,Non-binary,34.33629,119.547248
634,Sibyl,Weems,sweemshl@bloglovin.com,Female,14.5560877,121.0155081
635,Mead,Teas,mteashm@latimes.com,Female,24.625561,118.431541
636,Hercule,Sleight,hsleighthn@netscape.com,Male,44.1675867,2.0308233
637,Guy,Seel,gseelho@hexun.com,Male,22.5064672,-79.4760133
638,Augusto,MacArte,amacartehp@cnn.com,Bigender,39.330439,117.575301
639,Hurlee,Gambrell,hgambrellhq@washington.edu,Agender,34.9690901,63.1443045
640,Mahmud,Roback,mrobackhr@buzzfeed.com,Male,40.9175193,-8.4280201
641,Lock,Greeveson,lgreevesonhs@uol.com.br,Male,35.612093,139.5149873
642,Adrian,Hapke,ahapkeht@weather.com,Male,60.3763373,25.2708919
643,Lizzie,Stenson,lstensonhu@lulu.com,Female,-7.2360801,106.7175669
644,Erick,Delue,edeluehv@technorati.com,Male,35.5916647,37.0051383
645,Aldo,Chellenham,achellenhamhw@netvibes.com,Male,31.7304839,117.3437409
646,Simon,Villiers,svilliershx@eepurl.com,Agender,8.1243943,124.0495898
647,Wit,Towse,wtowsehy@cam.ac.uk,Male,55.86328,37.621698
648,Zebadiah,Cohn,zcohnhz@cmu.edu,Polygender,7.1854773,1.9979411
649,Meridel,Hayth,mhaythi0@apple.com,Female,18.4668424,-69.2888011
650,Thaine,O'Grady,togradyi1@constantcontact.com,Male,-8.1772,123.7975
651,Zack,Sommerlin,zsommerlini2@businessinsider.com,Male,-21.3699248,-45.5113164
652,Tommy,McFarlane,tmcfarlanei3@wikia.com,Male,49.5962241,19.1332531
653,Bidget,Blenkensop,bblenkensopi4@java.com,Female,25.015105,102.743811
654,Madonna,Lanmeid,mlanmeidi5@ow.ly,Female,-8.189186,-77.319061
655,Way,Rexworthy,wrexworthyi6@illinois.edu,Male,16.158922,100.603798
656,Chad,Guest,cguesti7@technorati.com,Male,12.6392316,-8.0028892
657,Sanson,Raymond,sraymondi8@weibo.com,Male,38.6,-121.45
658,Odilia,Pont,oponti9@thetimes.co.uk,Female,24.722747,118.152148
659,Beilul,Train,btrainia@wix.com,Female,35.1241195,-90.0443217
660,Morly,Stanislaw,mstanislawib@businessinsider.com,Male,59.9135958,10.7792426
661,Ancell,Grieg,agriegic@com.com,Male,20.9275148,106.4081983
662,Shari,Olek,solekid@sina.com.cn,Female,-40.9026164,174.9939663
663,Corissa,Tildesley,ctildesleyie@marriott.com,Female,-5.2932525,-48.5187229
664,Reuben,Markova,rmarkovaif@usa.gov,Genderqueer,14.4612646,100.5577407
665,Ermanno,Calloway,ecallowayig@mapquest.com,Male,53.3326454,-1.4631269
666,Byrle,Armfield,barmfieldih@wordpress.org,Male,-4.8824092,29.6615055
667,Cris,O' Cloney,cocloneyii@creativecommons.org,Female,48.8144251,25.5987643
668,Orin,Dudeney,odudeneyij@myspace.com,Male,-8.2545915,123.7154467
669,Dewey,Jovicevic,djovicevicik@dropbox.com,Male,51.6984754,20.934244
670,Ham,Leeburne,hleeburneil@fema.gov,Male,31.6532755,69.4038491
671,Barbie,Gilburt,bgilburtim@google.com.hk,Female,-7.8169756,111.9790773
672,Simone,Rodenhurst,srodenhurstin@chicagotribune.com,Female,-6.3477635,31.0736389
673,Dodi,Appleyard,dappleyardio@timesonline.co.uk,Female,1.795801,-77.163397
674,Bill,Dionisetti,bdionisettiip@fotki.com,Male,44.509727,18.0254081
675,Palmer,Maha,pmahaiq@wikia.com,Male,13.3585301,121.8247013
676,Cody,Gedney,cgedneyir@irs.gov,Female,44.6962724,39.8024873
677,Adriane,Odgers,aodgersis@amazon.de,Female,34.4911201,62.6031004
678,Florencia,Whitlow,fwhitlowit@angelfire.com,Female,38.624235,100.36759
679,Ignacius,Zecchetti,izecchettiiu@merriam-webster.com,Polygender,-6.3384977,106.1610343
680,Dennie,Argent,dargentiv@acquirethisname.com,Polygender,49.5555137,21.6832308
681,Hirsch,Wolfe,hwolfeiw@wp.com,Male,22.1960179,92.2947639
682,Daphne,Haysham,dhayshamix@newyorker.com,Female,22.099737,113.497052
683,Timmy,Dumelow,tdumelowiy@cocolog-nifty.com,Male,-8.0299,113.8526
684,Theobald,Domnin,tdomniniz@sciencedirect.com,Male,48.3245206,35.9379288
685,Frans,Stonner,fstonnerj0@pbs.org,Male,-42.814251,-65.0425829
686,Loree,Cass,lcassj1@sina.com.cn,Female,45.8316463,17.3855429
687,Margy,Younger,myoungerj2@is.gd,Female,35.5138298,24.0180367
688,Fenelia,Bernetti,fbernettij3@walmart.com,Female,-7.3427222,112.7613933
689,Garnet,Tetsall,gtetsallj4@nationalgeographic.com,Female,13.6756725,-89.2514718
690,Georgeanna,Salman,gsalmanj5@barnesandnoble.com,Female,37.9346483,22.8455989
691,Idaline,Dwelly,idwellyj6@omniture.com,Polygender,9.6522451,124.3690673
692,Davidson,Strotton,dstrottonj7@photobucket.com,Male,52.574095,-0.672296
693,Rhody,Brent,rbrentj8@buzzfeed.com,Female,-10.333333,-77.45
694,Fleming,Hambribe,fhambribej9@indiatimes.com,Male,-3.6499007,-69.097023
695,Berkie,Burdett,bburdettja@wikipedia.org,Male,-8.9,34.583333
696,Davey,McGoldrick,dmcgoldrickjb@netlog.com,Male,-7.2524177,112.746823
697,Celene,Ellershaw,cellershawjc@youku.com,Female,14.6333602,104.373372
698,Lay,Antonovic,lantonovicjd@twitpic.com,Male,9.2718747,-75.4636031
699,Sile,Ipgrave,sipgraveje@weebly.com,Female,0.7573413,73.434227
700,Blanch,Talboy,btalboyjf@boston.com,Female,39.154261,117.155313
701,Kerwin,Gillebride,kgillebridejg@ustream.tv,Male,32.42465,35.364533
702,Eward,Pepperell,epepperelljh@comsenz.com,Male,32.97771,98.09795
703,Elene,Hugh,ehughji@qq.com,Female,-25.1169056,-49.5076392
704,Virge,Hun,vhunjj@t.co,Non-binary,56.3170109,43.994909
705,Crawford,Flanne,cflannejk@gnu.org,Male,18.4247636,-72.7703001
706,Donica,Thridgould,dthridgouldjl@devhub.com,Female,50.05998,21.8324138
707,Mathilde,Chalfant,mchalfantjm@timesonline.co.uk,Female,31.105555,111.214922
708,Pavia,St Pierre,pstpierrejn@1688.com,Female,62.390811,17.306927
709,Nowell,De Freitas,ndefreitasjo@tiny.cc,Bigender,40.5470957,-8.7012507
710,Kristine,Yablsley,kyablsleyjp@mapy.cz,Female,25.49872,119.790168
711,Torrin,Burnhill,tburnhilljq@google.ru,Male,27.786996,120.091498
712,Law,Blanning,lblanningjr@hatena.ne.jp,Male,-6.712398,106.8945456
713,Denise,McNuff,dmcnuffjs@addthis.com,Female,32.129766,107.249131
714,Celesta,Simmens,csimmensjt@wsj.com,Female,19.2232969,-70.5126462
715,Madison,Bembrigg,mbembriggju@over-blog.com,Male,9.5503646,-69.1804708
716,Sileas,LLelweln,sllelwelnjv@about.me,Female,12.3420676,14.1858272
717,Cathrin,Misson,cmissonjw@paypal.com,Bigender,-6.3904294,107.1733193
718,Julie,Burnell,jburnelljx@twitpic.com,Male,48.8242268,16.0657342
719,Gerrard,Battey,gbatteyjy@apple.com,Male,-25.8621309,29.1236739
720,Staci,Cesaric,scesaricjz@youtu.be,Non-binary,25.386379,114.922922
721,Hurleigh,Dyment,hdymentk0@ning.com,Male,6.6683194,124.7082395
722,Yehudit,MacDougal,ymacdougalk1@si.edu,Male,24.4571847,90.5486962
723,Joshua,Pashenkov,jpashenkovk2@jigsy.com,Male,59.3396915,18.0576664
724,Tessy,Craythorn,tcraythornk3@xing.com,Female,-20.0744053,57.6481549
725,Cletus,Madgwich,cmadgwichk4@epa.gov,Male,37.022024,104.423539
726,Goraud,Cardenas,gcardenask5@utexas.edu,Male,-20.5912573,48.5312279
727,Rick,Cavozzi,rcavozzik6@hostgator.com,Male,31.238854,121.331694
728,Richard,Jannequin,rjannequink7@tinypic.com,Male,59.0433753,15.8709393
729,Nertie,Ropcke,nropckek8@wired.com,Female,52.43843,17.77321
730,Tammie,Detloff,tdetloffk9@reuters.com,Female,41.5225612,45.0430369
731,Carlina,Leynham,cleynhamka@devhub.com,Female,51.1691046,18.3941226
732,Kelvin,Gini,kginikb@imageshack.us,Male,37.233266,122.456824
733,Albertina,Semken,asemkenkc@archive.org,Female,50.1082363,18.4301703
734,Charlotte,Lernihan,clernihankd@patch.com,Genderfluid,40.3606136,-7.8929371
735,Bryana,Orteu,borteuke@creativecommons.org,Female,24.130374,110.189462
736,Frasquito,Dymoke,fdymokekf@meetup.com,Male,1.256633,-70.2359058
737,Tibold,Isaq,tisaqkg@acquirethisname.com,Male,49.736915,20.3174497
738,Fons,McPhee,fmcpheekh@nytimes.com,Male,-3.8506762,119.5281714
739,Drona,Origin,doriginki@constantcontact.com,Female,33.5590518,71.4915293
740,Lou,Fermer,lfermerkj@hibu.com,Female,32.836978,110.812403
741,Cristy,Whetson,cwhetsonkk@mlb.com,Female,28.998299,110.464464
742,Abdel,Tort,atortkl@phoca.cz,Male,22.481274,113.217762
743,Ellissa,Haile,ehailekm@cnbc.com,Female,19.4682476,-70.6923348
744,Royal,Critchlow,rcritchlowkn@nydailynews.com,Male,-7.3266223,108.2881709
745,Brocky,Welchman,bwelchmanko@utexas.edu,Male,14.2811192,-88.2424674
746,Udell,Treend,utreendkp@bloglines.com,Male,-6.9586901,107.5534739
747,Evelin,Chasmar,echasmarkq@meetup.com,Male,51.7920503,56.3442985
748,Lela,Troke,ltrokekr@prlog.org,Female,43.513695,26.1390805
749,Dell,Piatkow,dpiatkowks@e-recht24.de,Male,52.0424689,21.3991045
750,Sterne,Bowland,sbowlandkt@upenn.edu,Male,52.3175333,34.073671
751,Veronica,Bartkowiak,vbartkowiakku@deliciousdays.com,Female,-20.1379319,57.527801
752,Mariel,Sparsholt,msparsholtkv@blog.com,Female,-9.9423239,124.3865392
753,Latrena,Filippozzi,lfilippozzikw@sogou.com,Female,-13.9626121,33.7741195
754,Becka,Giottoi,bgiottoikx@cnn.com,Female,45.0485391,20.0808092
755,Madalena,Urpeth,murpethky@people.com.cn,Female,-9.435,119.1866
756,Robb,Altamirano,raltamiranokz@mysql.com,Male,41.4578988,-8.5462667
757,Reuben,Khomich,rkhomichl0@ed.gov,Male,14.2042871,121.0829852
758,Sean,Stoffler,sstofflerl1@newsvine.com,Male,30.7361622,72.6661867
759,Mortie,Gillies,mgilliesl2@huffingtonpost.com,Male,41.3641068,2.133823
760,Mohandis,Roper,mroperl3@blogs.com,Male,-27.7828418,-64.2837225
761,Fairleigh,Ikins,fikinsl4@behance.net,Male,56.6495031,12.7902265
762,Lyndsey,Akers,lakersl5@fastcompany.com,Female,30.323586,120.195198
763,Wang,Golthorpp,wgolthorppl6@nbcnews.com,Male,58.1494235,38.2144331
764,Trude,Brayshay,tbrayshayl7@ow.ly,Female,37.705473,22.7494193
765,Christyna,Thurstan,cthurstanl8@webs.com,Female,33.25,10.2
766,Pietrek,Leaves,pleavesl9@naver.com,Male,-7.2284727,-39.3121233
767,Yoshi,Torrejon,ytorrejonla@mayoclinic.com,Female,60.3560649,5.3446343
768,Curtis,Fessier,cfessierlb@blog.com,Male,-34.5903621,-58.7186017
769,Abbe,Ruoff,aruofflc@census.gov,Male,11.1228862,122.5402486
770,Sebastien,Ratray,sratrayld@hud.gov,Male,48.7803815,2.4549884
771,Bella,Bruff,bbruffle@prweb.com,Female,37.0909826,138.1698009
772,Pamela,Greschik,pgreschiklf@cam.ac.uk,Female,53.4116818,58.9860021
773,Hymie,McKirdy,hmckirdylg@ftc.gov,Male,-7.837207,112.0574774
774,Micheil,Pimlett,mpimlettlh@soup.io,Male,52.4709411,4.826445
775,Collin,Blaszkiewicz,cblaszkiewiczli@techcrunch.com,Male,27.386227,89.2776017
776,Sibbie,Pegg,spegglj@a8.net,Female,37.22317,100.41617
777,Gilbertina,Bilham,gbilhamlk@people.com.cn,Female,14.5727654,121.0257322
778,Kalli,Lambot,klambotll@storify.com,Female,57.3301409,43.1042263
779,Riva,Sherratt,rsherrattlm@oakley.com,Female,53.1179087,17.2873137
780,Rad,Cullip,rcullipln@home.pl,Male,-2.673867,139.7728757
781,Herbert,Pickton,hpicktonlo@rediff.com,Agender,32.9381361,119.5968536
782,Kristopher,Paramore,kparamorelp@prweb.com,Male,28.663694,118.534841
783,Sallyann,Sharrem,ssharremlq@cpanel.net,Female,51.2828145,-114.0371938
784,Bryn,Want,bwantlr@mit.edu,Female,11.366667,7.633333
785,Othella,Kenlin,okenlinls@theatlantic.com,Female,24.705643,118.43196
786,Fay,Hibling,fhiblinglt@ca.gov,Female,31.067952,35.6955945
787,Kevan,Yakobowitz,kyakobowitzlu@google.fr,Male,-6.6,-78.016667
788,Hurley,Cassel,hcassellv@dion.ne.jp,Male,-10.7397921,-37.809338
789,Rebecca,Chipchase,rchipchaselw@freewebs.com,Female,-6.2960156,106.8783167
790,Rolland,McLenaghan,rmclenaghanlx@nba.com,Male,55.6607711,52.3473021
791,Sullivan,Orris,sorrisly@thetimes.co.uk,Male,40.4583824,-8.8018715
792,Ora,Pesticcio,opesticciolz@t.co,Female,28.03825,120.892196
793,Ermanno,Harley,eharleym0@g.co,Male,45.347492,130.642301
794,Arny,Antognetti,aantognettim1@vkontakte.ru,Male,5.9840985,116.0761121
795,Danni,Millson,dmillsonm2@unc.edu,Female,42.0592298,21.4472756
796,Tann,Bellany,tbellanym3@weebly.com,Male,40.2309943,69.6869913
797,Agustin,Shawl,ashawlm4@fc2.com,Male,32.353463,35.074453
798,Bertie,Friday,bfridaym5@blogs.com,Male,41.3088508,-7.1616883
799,Far,Vaudre,fvaudrem6@patch.com,Male,14.2712301,-90.0375295
800,Clyde,Fay,cfaym7@boston.com,Agender,8.1406054,-72.0705185
801,Ester,Loughan,eloughanm8@360.cn,Female,-34.6161437,-58.5238406
802,Yorke,Crebott,ycrebottm9@wired.com,Male,-7.7687701,112.9386472
803,Noach,Cullimore,ncullimorema@abc.net.au,Male,39.662619,21.7357206
804,Kip,Eisikowitch,keisikowitchmb@archive.org,Male,-21.7034017,-47.27079
805,Elianora,Doumenc,edoumencmc@pcworld.com,Female,32.6733576,35.7517448
806,Bert,Ambler,bamblermd@marketwatch.com,Male,38.6134405,-9.0019336
807,Alphonso,Iacomelli,aiacomellime@boston.com,Male,54.9428925,20.2216245
808,Bryant,Keohane,bkeohanemf@mashable.com,Male,11.4894238,-3.523092
809,Maury,Stollwerk,mstollwerkmg@usda.gov,Male,36.2407094,139.1910402
810,Mirella,Elsby,melsbymh@theguardian.com,Female,32.1426,35.28774
811,Georas,Diggens,gdiggensmi@sciencedirect.com,Male,13.3600554,100.9849333
812,Linell,Viggers,lviggersmj@pinterest.com,Agender,60.3641945,15.7292196
813,Devora,Rego,dregomk@chicagotribune.com,Female,-21.1880429,-43.9759925
814,Mariele,Chupin,mchupinml@berkeley.edu,Female,41.3537964,-8.540112
815,Thedrick,Lewsey,tlewseymm@slate.com,Male,-32.9979844,-60.6298078
816,Agna,Mulroy,amulroymn@slashdot.org,Female,10.8220957,122.5296163
817,Abbi,Mangin,amanginmo@blogs.com,Female,31.848896,35.159029
818,Innis,Gabbott,igabbottmp@vinaora.com,Male,49.2803655,-0.2062549
819,Noelani,Heibl,nheiblmq@yellowbook.com,Female,23.219932,102.835223
820,Maurine,Weall,mweallmr@rediff.com,Female,29.57858,110.191933
821,Jason,Laverty,jlavertyms@e-recht24.de,Male,42.9963758,21.944034
822,Babara,Egdell,begdellmt@si.edu,Female,17.1566617,104.1331684
823,Clerkclaude,Goozee,cgoozeemu@bloglovin.com,Male,36.512506,118.542982
824,Virginie,Pantone,vpantonemv@ucsd.edu,Female,-6.6063841,106.7617984
825,Tiler,Bonhill,tbonhillmw@buzzfeed.com,Male,-1.7505747,116.0886704
826,Fremont,Skitterel,fskitterelmx@huffingtonpost.com,Male,34.771214,135.606399
827,Bernadene,MacDavitt,bmacdavittmy@mapy.cz,Female,-9.8998206,-75.9922372
828,Ara,Lewens,alewensmz@hc360.com,Agender,-23.5257248,-47.1322342
829,Tobit,Foakes,tfoakesn0@theglobeandmail.com,Male,18.759886,-69.2607406
830,Valaree,Petriello,vpetriellon1@scribd.com,Female,37.6753305,21.5926702
831,Chick,Buckwell,cbuckwelln2@economist.com,Male,49.874775,19.628749
832,Ely,Yankin,eyankinn3@hugedomains.com,Male,27.868393,113.433712
833,Thom,Gave,tgaven4@shareasale.com,Male,36.85608,81.660646
834,Lucas,Mirrlees,lmirrleesn5@ftc.gov,Male,-6.1037944,106.9145244
835,Rhonda,Forrest,rforrestn6@ning.com,Female,48.7499009,2.3825213
836,Sapphire,Woolacott,swoolacottn7@dailymotion.com,Female,14.5694082,121.0215733
837,Isabelle,Phittiplace,iphittiplacen8@printfriendly.com,Female,36.8603732,137.4284822
838,Larine,Ivery,liveryn9@si.edu,Female,40.3912773,-8.2469806
839,Micky,Morland,mmorlandna@umich.edu,Female,50.1922582,12.6257516
840,Quinlan,Scholling,qschollingnb@washington.edu,Male,54.0498,21.1458001
841,Durante,Madeley,dmadeleync@geocities.jp,Male,27.062407,108.739519
842,Vivian,Di Batista,vdibatistand@marketwatch.com,Female,16.7903346,120.8249088
843,Joe,Callard,jcallardne@1und1.de,Agender,14.582807,121.061708
844,Ericka,Prazor,eprazornf@macromedia.com,Female,26.6646381,87.271781
845,Noe,Emeny,nemenyng@ihg.com,Male,27.100102,68.3711064
846,Luciano,Pallent,lpallentnh@ebay.com,Male,38.036815,114.382611
847,Kyle,Swarbrick,kswarbrickni@omniture.com,Male,39.1020713,21.0837161
848,Beth,Melmore,bmelmorenj@hc360.com,Female,-7.0431437,111.3679689
849,Jehanna,Imeson,jimesonnk@google.com.hk,Genderqueer,31.364042,108.520914
850,Sileas,Bennedsen,sbennedsennl@pbs.org,Agender,41.9339521,74.5404694
851,Milly,Hawtrey,mhawtreynm@telegraph.co.uk,Female,-22.8521905,-46.3160679
852,Correy,Wadlow,cwadlownn@bravesites.com,Male,41.8977003,12.5097274
853,Manfred,Diggons,mdiggonsno@independent.co.uk,Male,26.750454,119.105047
854,Berkly,Shaudfurth,bshaudfurthnp@ocn.ne.jp,Male,40.381657,116.948097
855,Sela,Copperwaite,scopperwaitenq@mail.ru,Female,24.388837,107.851428
856,Brian,Pepis,bpepisnr@google.com,Male,43.1795227,45.4045219
857,Curcio,Woollin,cwoollinns@examiner.com,Male,-3.3072032,-39.3621196
858,Kristina,Pinnion,kpinnionnt@baidu.com,Genderfluid,-7.7427496,-35.2280343
859,Lorena,MacAscaidh,lmacascaidhnu@opensource.org,Female,35.0082914,138.3669713
860,Katherina,Maciejewski,kmaciejewskinv@pbs.org,Female,35.490701,112.851831
861,Meyer,Temperley,mtemperleynw@xinhuanet.com,Male,42.0733374,21.1202878
862,Suzi,Calliss,scallissnx@delicious.com,Female,-8.0591896,112.2014675
863,Maud,Heinschke,mheinschkeny@army.mil,Female,18.907778,-70.719444
864,Morgen,Bousler,mbouslernz@netvibes.com,Female,7.5433333,149.4122222
865,Brigg,Kunz,bkunzo0@tuttocitta.it,Male,27.804365,120.738172
866,Cly,Kluss,cklusso1@google.it,Male,40.4878138,-7.8661822
867,Cecil,O'Sherrin,cosherrino2@t-online.de,Female,52.5470847,6.0237938
868,Petronilla,Blankenship,pblankenshipo3@e-recht24.de,Female,39.6883601,-8.9606173
869,Birdie,Noseworthy,bnoseworthyo4@hatena.ne.jp,Female,23.125827,113.2756
870,Blinny,O'Shevlan,boshevlano5@washington.edu,Female,58.316667,12.3166671
871,Frants,Ayre,fayreo6@sciencedirect.com,Male,56.1085807,44.4955531
872,Latashia,Gosnoll,lgosnollo7@artisteer.com,Agender,-32.1748082,-64.1108167
873,Giordano,Wellbelove,gwellbeloveo8@lycos.com,Male,50.0330752,16.7260055
874,Bailey,Scaysbrook,bscaysbrooko9@cargocollective.com,Male,40.644621,122.509131
875,Rochelle,Althrope,ralthropeoa@answers.com,Genderfluid,4.392095,-75.687434
876,Lynnett,Wadge,lwadgeob@1und1.de,Female,28.297306,120.632491
877,Fred,Lube,flubeoc@umn.edu,Female,65.6136813,22.1762379
878,D'arcy,Crasford,dcrasfordod@cisco.com,Male,48.1973404,16.3587247
879,Kalli,O'Doireidh,kodoireidhoe@netlog.com,Female,59.3796798,28.1791333
880,Husain,Pyner,hpynerof@devhub.com,Male,-6.6028802,111.0132542
881,Bob,Press,bpressog@sbwire.com,Male,28.240101,99.303084
882,Hamid,Janczak,hjanczakoh@vimeo.com,Male,-33.7974423,151.2502275
883,Jeffry,Donaldson,jdonaldsonoi@ftc.gov,Male,49.0395242,16.6188111
884,Cosmo,Adelberg,cadelbergoj@nih.gov,Male,-8.7261,116.4644
885,Masha,Wharfe,mwharfeok@free.fr,Female,29.1253133,116.2777073
886,Xaviera,Heindrich,xheindrichol@netlog.com,Female,46.3368774,48.2017123
887,Siobhan,O'Currine,socurrineom@skype.com,Female,14.9242794,-91.5431764
888,Ken,Tristram,ktristramon@pbs.org,Male,-11.2957096,-75.7727595
889,Cyril,Sowley,csowleyoo@wufoo.com,Male,35.3100829,46.3708668
890,Bryn,Franckton,bfrancktonop@opensource.org,Female,23.3854292,113.4895468
891,Mil,Chataignier,mchataignieroq@merriam-webster.com,Female,29.471977,106.476211
892,Maryjo,MacIlurick,mmacilurickor@livejournal.com,Female,-43.5210758,172.6317809
893,Theressa,Mayhou,tmayhouos@ox.ac.uk,Female,43.30706,124.33539
894,Northrop,Wille,nwilleot@themeforest.net,Male,12.9684045,121.485899
895,Sheeree,Gaythorpe,sgaythorpeou@comcast.net,Female,1.6054402,32.8084496
896,Clarabelle,Titcom,ctitcomov@msu.edu,Female,15.5160946,120.7090355
897,Peyton,Kiossel,pkiosselow@google.co.jp,Male,23.1497287,113.3227193
898,Andy,Kineton,akinetonox@usatoday.com,Male,-18.3714305,-54.6972774
899,Klara,Bunt,kbuntoy@elegantthemes.com,Female,31.02364,121.215916
900,Nikolos,Bech,nbechoz@flavors.me,Male,-7.6374665,112.8880068
901,Michail,Tarte,mtartep0@hud.gov,Male,34.062917,108.329633
902,Rockie,Domingues,rdominguesp1@weather.com,Male,17.3026058,-62.7176924
903,Christin,Aslett,caslettp2@umn.edu,Female,26.641774,118.17771
904,Rudd,Nowakowska,rnowakowskap3@weibo.com,Male,39.7476306,-8.7335517
905,Walton,Dethloff,wdethloffp4@friendfeed.com,Male,18.4445307,-69.9316834
906,Marty,Maso,mmasop5@smugmug.com,Female,35.6110549,127.2826599
907,Daisi,Ricoald,dricoaldp6@bloglines.com,Female,5.5298168,-0.705779
908,Patricia,Durand,pdurandp7@rambler.ru,Female,48.9359551,89.1366848
909,Rockie,Bertome,rbertomep8@geocities.com,Polygender,46.5010451,15.1077845
910,Maurene,Poundesford,mpoundesfordp9@infoseek.co.jp,Female,55.7368049,37.8286538
911,Morganica,Harker,mharkerpa@engadget.com,Female,19.09535,108.651815
912,Aurea,Dearden,adeardenpb@ebay.com,Female,36.4359045,129.0571077
913,Gardy,Ginnell,gginnellpc@google.com,Male,35.0107648,69.1625896
914,Agata,Caddan,acaddanpd@ted.com,Female,34.391746,49.1904301
915,Kenon,Halliburton,khalliburtonpe@forbes.com,Non-binary,13.6615154,123.1900935
916,Melody,Quigley,mquigleypf@epa.gov,Female,34.5746319,133.2313846
917,Munroe,Brimmicombe,mbrimmicombepg@gmpg.org,Male,27.218444,116.525725
918,Man,Filkov,mfilkovph@uol.com.br,Male,41.45,128.833333
919,Maire,Thurlby,mthurlbypi@smugmug.com,Female,52.55106,18.49897
920,Yvonne,Corlett,ycorlettpj@ca.gov,Female,41.1604713,-7.7452871
921,Son,Keuneke,skeunekepk@japanpost.jp,Male,47.7728849,12.9695096
922,Lizette,Sabate,lsabatepl@trellian.com,Female,45.7173944,4.8096702
923,Chickie,Ingles,cinglespm@elegantthemes.com,Male,24.3653152,109.5235215
924,Verla,Ivanishchev,vivanishchevpn@mozilla.org,Polygender,13.0748879,120.7213113
925,Melody,Synan,msynanpo@archive.org,Female,30.9127987,121.9104961
926,Lannie,Anfusso,lanfussopp@homestead.com,Male,50.2709514,22.0218252
927,Cordi,Thorwarth,cthorwarthpq@virginia.edu,Non-binary,-31.4561755,-64.2111608
928,Matt,Cuseick,mcuseickpr@auda.org.au,Male,32.119799,34.986653
929,Tessi,Kelshaw,tkelshawps@spotify.com,Female,42.1090506,48.1941426
930,Constance,Osichev,cosichevpt@pcworld.com,Non-binary,57.6814887,39.8556491
931,Gray,Twiddell,gtwiddellpu@twitter.com,Male,-11.7806236,-75.4869033
932,Terza,Paton,tpatonpv@ustream.tv,Female,30.975215,101.127088
933,Coleen,Parlett,cparlettpw@bbc.co.uk,Female,39.0729188,22.5513331
934,Bernita,Large,blargepx@biblegateway.com,Female,30.208404,116.681928
935,Corina,Cussen,ccussenpy@slashdot.org,Female,35.6196262,-5.2841177
936,Kimberley,Espinho,kespinhopz@sciencedirect.com,Non-binary,19.3957419,-97.2826539
937,Kale,Nortunen,knortunenq0@prlog.org,Male,-17.566223,-63.2238376
938,Timi,Lieber,tlieberq1@microsoft.com,Female,40.5067525,47.6489641
939,Bentlee,Rabl,brablq2@indiatimes.com,Male,23.923594,115.761018
940,Clifford,Siney,csineyq3@webs.com,Male,36.0978298,-80.2438321
941,Mike,Simkovitz,msimkovitzq4@surveymonkey.com,Male,43.6167837,7.0125073
942,Kellsie,Kadar,kkadarq5@mapy.cz,Female,29.291779,112.666947
943,Myrwyn,Ilyin,milyinq6@buzzfeed.com,Male,56.213277,43.29085
944,Arther,Whyberd,awhyberdq7@deviantart.com,Male,-0.4277809,36.9433591
945,Zach,Slayton,zslaytonq8@ox.ac.uk,Male,57.4715317,12.7264154
946,Blondelle,Barnes,bbarnesq9@mysql.com,Female,30.7016468,104.0663422
947,Fitz,Leishman,fleishmanqa@phoca.cz,Male,14.6322366,-86.6736997
948,Claudianus,Meiklejohn,cmeiklejohnqb@cam.ac.uk,Male,11.0537,124.0385
949,Janet,Burrells,jburrellsqc@foxnews.com,Female,26.97139,115.118091
950,Bax,Kuhn,bkuhnqd@joomla.org,Male,23.0685814,112.4496521
951,Byran,Mockler,bmocklerqe@cbsnews.com,Male,37.7343371,138.9151434
952,Orel,Veschi,oveschiqf@hibu.com,Female,50.9831778,18.3083298
953,Merla,Radmer,mradmerqg@europa.eu,Female,32.38291,35.17912
954,Talia,Hume,thumeqh@wikimedia.org,Female,41.2699428,-8.2236098
955,Samaria,Wittier,swittierqi@sciencedirect.com,Female,29.708692,120.246863
956,Von,Pilbeam,vpilbeamqj@tumblr.com,Male,26.9834552,87.3214908
957,Teddy,Tummons,ttummonsqk@reference.com,Female,51.8139074,21.025291
958,Petronella,Le febre,plefebreql@plala.or.jp,Female,-27.4047174,-55.9300245
959,Hy,Cavaney,hcavaneyqm@va.gov,Male,36.1763474,139.5303855
960,Madelena,Dinsdale,mdinsdaleqn@weather.com,Female,-7.5208,108.6747
961,Valle,Isakowicz,visakowiczqo@uol.com.br,Bigender,-13.7866658,14.687936
962,Antonio,Verney,averneyqp@feedburner.com,Male,32.200197,118.41697
963,Rici,Poile,rpoileqq@aol.com,Female,36.1093631,103.694265
964,Loydie,Mankor,lmankorqr@elpais.com,Non-binary,-8.152161,115.036705
965,Daron,Winchcombe,dwinchcombeqs@miitbeian.gov.cn,Polygender,20.9334638,106.8414374
966,Charmion,Bracey,cbraceyqt@sakura.ne.jp,Female,36.7027082,67.7079491
967,Desmond,Sporgeon,dsporgeonqu@boston.com,Male,36.854929,114.503339
968,Shepherd,Sherwood,ssherwoodqv@miitbeian.gov.cn,Non-binary,-6.7836529,111.1384418
969,Jermaine,Bernaldo,jbernaldoqw@dailymotion.com,Genderfluid,32.223303,118.761836
970,Janine,Alster,jalsterqx@smh.com.au,Female,12.532252,124.870243
971,Carlie,Mattheissen,cmattheissenqy@admin.ch,Female,44.00012,-77.13275
972,Roxi,Pilley,rpilleyqz@miitbeian.gov.cn,Female,-28.6727702,-49.3733771
973,Myer,Alessandrucci,malessandruccir0@spotify.com,Male,29.724589,116.245433
974,Randal,Weathers,rweathersr1@biblegateway.com,Male,-7.3765948,112.7405377
975,Giacomo,Breitling,gbreitlingr2@hibu.com,Male,32.06078,121.368162
976,Lucinda,Fibben,lfibbenr3@techcrunch.com,Female,55.874736,26.536179
977,Heywood,Carwithim,hcarwithimr4@uol.com.br,Male,-6.6760058,111.0102737
978,Skipton,Merriton,smerritonr5@usda.gov,Male,3.9990545,96.9638624
979,Randall,Willard,rwillardr6@seattletimes.com,Male,20.6574573,-74.9501034
980,Mandie,Pochin,mpochinr7@redcross.org,Female,-8.1469688,112.2890705
981,Vernice,Caskey,vcaskeyr8@mozilla.org,Female,53.109084,87.546299
982,Cody,Dominico,cdominicor9@state.gov,Male,43.2680529,44.2890544
983,Marena,Turneaux,mturneauxra@spiegel.de,Female,40.3698651,48.1644626
984,Willyt,Smallpiece,wsmallpiecerb@comcast.net,Genderqueer,52.3811357,4.6419648
985,Marion,Larchiere,mlarchiererc@sohu.com,Genderfluid,30.753924,120.758543
986,Kakalina,Houlden,khouldenrd@wikipedia.org,Female,54.5343125,17.7510347
987,Basile,Lots,blotsre@zdnet.com,Male,36.6107151,27.1320962
988,Sophronia,Dunbar,sdunbarrf@europa.eu,Non-binary,50.9409245,20.9571249
989,Vincent,Tasseler,vtasselerrg@wordpress.com,Male,-24.1955744,-65.2844271
990,Robbert,Palphramand,rpalphramandrh@mit.edu,Male,-32.8337995,-70.5972179
991,Glori,Shera,gsherari@rambler.ru,Female,56.545959,27.7143199
992,Wendye,Krelle,wkrellerj@constantcontact.com,Non-binary,15.0634836,-88.2290783
993,Duff,Dossett,ddossettrk@psu.edu,Male,55.5807611,37.7673912
994,Darren,Ringham,dringhamrl@netlog.com,Male,38.7099952,20.7141164
995,Frank,Fabri,ffabrirm@4shared.com,Male,28.074649,119.141473
996,Josias,de Clerk,jdeclerkrn@diigo.com,Male,45.35008,-72.51582
997,Blondy,Sibbit,bsibbitro@scribd.com,Female,53.3490502,56.0574649
998,Teodoor,Grane,tgranerp@globo.com,Male,37.9142806,139.0952085
999,Jonathon,Venediktov,jvenediktovrq@cbc.ca,Male,-8.2156978,113.9001141
1000,Karina,Digman,kdigmanrr@epa.gov,Female,21.9159702,95.9621106
